,customerID,Logistic Regression_predict,Decision Tree_predict,Random Forest_predict
2481,6614-YWYSC,0,0,0
6784,9546-KDTRB,0,0,0
6125,0871-URUWO,1,1,1
3052,5151-HQRDG,0,0,0
4099,6624-JDRDS,1,1,0
3223,3082-VQXNH,1,1,1
3774,1309-XGFSN,0,0,0
3469,9402-ORRAH,1,1,1
3420,8663-UPDGF,0,0,0
1196,0455-ENTCR,0,0,0
2173,2038-OEQZH,1,1,1
1291,7993-PYKOF,1,1,1
2579,4361-FEBGN,0,0,0
6578,3898-BSJYF,0,0,0
2515,8869-LIHMK,0,0,0
3257,5482-VXSXJ,1,1,1
1976,9497-QCMMS,1,1,1
132,8587-XYZSF,0,0,0
5194,1902-XBTFB,1,1,1
1950,9614-RMGHA,0,1,0
813,3551-GAEGL,0,0,0
3968,7463-IFMQU,0,0,0
4042,5404-GGUKR,1,1,1
1081,1751-NCDLI,1,1,1
4322,7394-LWLYN,1,1,1
5266,2027-DNKIV,0,0,0
2627,4213-HKBJO,0,0,0
1041,1915-OAKWD,0,0,0
4154,4229-CZMLL,1,1,1
469,4640-UHDOS,1,0,0
1876,3946-JEWRQ,1,1,0
6488,0488-GSLFR,1,1,1
4734,4106-HADHQ,0,0,0
4859,8041-TMEID,0,0,0
4022,5863-OOKCL,0,0,0
6743,2740-JFBOK,0,0,0
7025,2823-LKABH,1,1,1
6081,8757-TFHHJ,1,1,1
217,0230-WEQUW,0,0,0
4852,7515-LODFU,0,0,0
5179,9048-JVYVF,1,1,1
3963,3274-NSDWE,0,0,0
3556,0895-LNKRC,0,0,0
1541,2429-AYKKO,0,0,0
5611,6847-KJLTS,1,1,1
1246,9408-HRXRK,1,1,1
4246,5153-LXKDT,0,0,0
1008,8818-XYFCQ,1,1,1
1205,6358-LYNGM,1,1,1
577,8270-RKSAP,1,1,1
2751,7909-FIOIY,1,1,0
1321,3161-ONRWK,0,0,0
1675,6311-UEUME,1,1,1
437,4376-KFVRS,0,0,0
1179,5461-QKNTN,1,1,1
6612,1062-LHZOD,1,1,1
5701,6476-YHMGA,0,0,0
3978,0432-CAJZV,1,1,1
1926,6651-AZVTJ,1,1,1
535,5348-CAGXB,1,1,1
3923,5275-SQEIZ,1,1,1
2723,1866-ZSLJM,0,0,0
5784,7401-RUBNK,1,1,1
4513,8580-QVLOC,0,0,0
2693,3976-HXHCE,0,0,0
37,6572-ADKRS,0,1,0
177,2070-FNEXE,1,1,1
5056,3262-EIDHV,0,0,0
3914,1755-FZQEC,0,0,0
3131,8336-TAVKX,0,0,0
3709,2103-ZRXFN,1,1,1
2524,0784-ZQJZX,0,0,0
6002,3727-RJMEO,1,1,1
468,8896-RAZCR,0,0,0
2756,5624-BQSSA,0,1,1
5104,1328-EUZHC,0,0,0
1094,1338-CECEE,0,0,0
6295,7033-CLAMM,0,0,0
6768,9739-JLPQJ,0,0,0
1219,2294-DMMUS,0,0,0
101,3679-XASPY,0,1,0
4739,3088-LHEFH,1,1,1
4464,3018-TFTSU,1,1,1
1621,6352-TWCAU,1,1,1
5604,9432-VOFYX,1,1,1
545,7129-AZJDE,0,0,0
2971,9348-ROUAI,0,0,0
6996,4174-LPGTI,0,0,0
6027,4896-CPRPF,0,0,0
3295,4900-MSOMT,0,0,0
1966,3723-BFBGR,0,0,0
1431,6718-BDGHG,0,0,0
4063,3045-XETSH,1,1,1
2409,3275-RHRNE,0,0,0
50,8012-SOUDQ,1,1,1
233,7083-MIOPC,0,0,0
2848,7508-KBIMB,0,0,0
472,1304-BCCFO,1,0,0
1583,2720-FVBQP,1,0,1
3819,6174-NRBTZ,0,0,0
5977,0780-XNZFN,0,0,0
4083,0324-BRPCJ,1,1,0
3667,7826-VVKWT,1,0,0
1028,8436-BJUMM,1,1,1
2652,4727-MCYZG,1,1,1
6071,0401-WDBXM,0,0,0
985,9369-XFEHK,1,1,1
1180,4835-YSJMR,0,0,0
5057,7354-OIJLX,1,1,1
3213,4032-RMHCI,0,0,0
3548,0670-ANMUU,0,0,0
5084,8966-OIQHG,0,0,0
1377,3071-MVJCD,0,0,0
1482,9290-SHCMB,1,1,1
3199,3696-DFHHB,0,0,0
2863,4146-SVFUD,1,1,1
497,0505-SPOOW,0,0,0
429,6152-ONASV,0,0,0
5900,0117-LFRMW,0,1,0
1872,9938-PRCVK,0,0,0
245,0221-WMXNQ,1,1,1
5591,7228-OMTPN,1,1,1
4786,6749-UTDVX,0,0,0
6560,9801-NOSHQ,0,0,0
2159,8007-YYPWD,0,0,0
544,2817-NTQDO,1,1,0
867,2732-ISEZX,0,1,0
1622,2361-UPSND,0,0,0
934,4198-VFOEA,0,0,0
3118,2122-SZZZD,0,0,0
5949,8756-RDDLT,0,1,0
408,4800-VHZKI,0,1,1
2273,0219-QAERP,0,0,0
6395,3058-HJCUY,1,1,1
5984,9185-TQCVP,1,1,1
4958,0060-FUALY,1,1,0
3401,4299-OPXEJ,0,0,0
3524,4706-AXVKM,1,1,1
230,2651-ZCBXV,0,0,0
2088,6784-XYJAE,0,0,0
239,9227-UAQFT,0,0,0
457,0942-KOWSM,0,0,0
3853,7128-GGCNO,0,1,1
5914,3099-OONVS,0,0,0
4343,7130-VTEWQ,1,1,1
2333,4981-FLTMF,0,0,0
2689,8628-MFKAX,0,0,0
5822,9112-WSNPU,1,1,1
3044,5692-FPTAH,1,1,1
3383,8185-UPYBR,1,1,1
79,3887-PBQAO,0,0,0
2296,4706-DGAHW,1,1,1
5930,8398-TBIYD,0,0,0
6940,2314-TNDJQ,0,0,0
1734,7511-YMXVQ,1,1,1
643,4908-XAXAY,0,0,0
6983,6633-SYEUS,1,1,0
319,6745-JEFZB,1,1,0
3028,8740-XLHDR,0,1,0
6378,0637-UBJRP,1,1,1
6685,7605-SNLQG,0,0,0
1425,7077-XJMET,1,0,0
7037,2569-WGERO,0,0,0
3376,9629-NHXFW,0,1,1
4406,3714-XPXBW,0,0,0
4274,3572-UUHRS,0,0,0
5599,2344-JMOGN,1,1,1
1178,0125-LZQXK,1,1,1
2577,4910-GMJOT,1,1,1
1924,1845-CSBRZ,1,1,1
1083,9878-TNQGW,1,1,1
6005,3915-ODIYG,0,0,0
6348,1025-FALIX,1,1,0
1574,5312-TSZVC,0,0,0
5045,9500-LTVBP,0,1,1
6544,6661-HBGWL,1,1,1
3776,6968-URWQU,0,0,0
3716,6688-UZPWD,1,1,1
6484,2911-IJORQ,0,0,0
2594,3096-YXENJ,0,0,0
3332,7593-XFKDI,1,1,1
2281,9578-VRMNM,1,0,0
1390,8039-ACLPL,0,0,0
6001,4367-NHWMM,1,1,1
5546,7880-XSOJX,0,1,0
4615,9499-XPZXM,0,0,0
1227,8496-DMZUK,0,0,0
2288,2135-DQWAQ,1,1,1
3430,9391-LMANN,0,1,0
3652,0612-RTZZA,1,1,1
3596,3656-TKRVZ,1,1,1
6889,7952-OBOYL,1,1,1
2860,2452-KDRRH,1,1,1
3279,6064-PUPMC,0,0,0
1566,4751-ERMAN,0,0,0
435,2320-SLKMB,0,1,0
1112,2176-LVPNX,0,0,0
4379,7691-XVTZH,0,0,0
1223,1618-CFHME,1,1,1
2851,1897-OKVMW,0,0,0
1920,4623-ZKHLY,0,0,0
707,8329-UTMVM,1,1,0
2380,3413-DHLPB,0,1,0
3082,3401-URHDA,0,0,0
5494,8837-VVWLQ,1,1,1
3554,1077-HUUJM,1,1,1
5719,1089-XZWHH,0,0,0
940,0835-DUUIQ,0,0,0
2574,3269-ATYWD,1,1,1
3290,7075-BNDVQ,1,1,0
3173,9766-HGEDE,0,0,0
3308,2706-QZIHY,0,0,0
4512,0707-HOVVN,0,0,0
3551,7594-RQHXR,1,1,1
6020,0020-JDNXP,0,0,0
2847,6985-HAYWX,1,1,1
6525,2400-FEQME,0,0,0
734,1173-NOEYG,1,1,1
4674,0980-FEXWF,0,0,0
5047,8149-AIQCG,1,1,1
5850,6927-WTFIV,1,1,0
473,4104-PVRPS,0,0,0
3355,8871-JLMHM,0,0,0
2776,7503-QQRVF,1,1,1
684,8040-MNRTF,1,1,1
3133,3181-VTHOE,0,0,0
4446,6161-UUUTA,1,1,1
4775,5480-TBGPH,1,1,1
6189,4718-WXBGI,0,0,0
4156,2465-BLLEU,0,1,1
263,7605-BDWDC,0,0,0
185,1024-GUALD,1,1,1
6709,7103-IPXPJ,0,1,0
5010,3654-ARMGP,0,0,0
2103,7206-PQBBZ,1,1,1
5707,4537-DKTAL,1,1,1
3361,8659-HDIYE,0,0,0
4831,4654-GGUII,0,0,0
4303,3284-SVCRO,0,0,0
3589,8734-FNWVH,0,0,0
743,4018-PPNDW,0,0,0
2436,6360-SVNWV,1,1,1
3770,5821-MMEIL,0,0,0
2486,1174-FGIFN,1,0,0
5206,7349-ALMUX,0,0,0
3445,7047-FWEYA,1,1,0
393,9967-ATRFS,0,0,0
5554,8838-GPHZP,0,0,0
504,5736-YEJAX,0,0,0
6801,6668-CNMFP,1,0,0
3464,0410-IPFTY,1,1,1
6532,1763-KUAAW,0,0,0
4046,0440-QEXBZ,0,0,0
5825,1363-TXLSL,1,1,1
844,3027-ZTDHO,1,1,1
765,4718-DHSMV,1,1,1
6268,9746-UGFAC,0,0,0
626,5016-IBERQ,1,1,1
3314,2402-TAIRZ,0,0,0
2681,9674-EHPPG,0,0,0
1971,4425-OWHWB,0,0,0
5375,9637-EIHEQ,1,1,1
5378,5320-BRKGK,0,0,0
1810,5149-QYTTU,0,0,0
3013,2065-MMKGR,0,0,0
3181,1265-ZFOSD,0,0,0
5481,8473-VUVJN,1,1,1
1837,1349-WXNGG,0,1,0
6503,7781-EWARA,0,0,0
6842,5546-QUERU,0,0,0
4128,4628-CTTLA,0,1,0
4590,4884-TVUQF,0,0,0
1723,2587-YNLES,0,0,0
6530,0230-UBYPQ,0,0,0
1470,6979-TNDEU,0,0,0
3029,1208-DNHLN,0,0,0
1438,5777-KJIRB,0,0,0
4037,0603-TPMIB,0,0,0
2423,1133-KXCGE,0,0,0
1899,8563-OYMQY,1,1,1
6207,6769-DYBQN,1,1,0
169,1159-WFSGR,0,0,0
4825,0921-OHLVP,1,1,1
2169,6418-PIQSP,0,0,0
4821,9200-NLNPD,0,0,0
2023,4795-KTRTH,1,1,1
4679,8218-FFJDS,0,0,0
3662,6410-LEFEN,1,0,0
5009,0052-DCKON,0,0,0
2162,6635-CPNUN,1,1,0
3948,4355-CVPVS,0,0,0
1549,4237-RLAQD,1,1,1
4211,2034-CGRHZ,1,1,1
7017,4807-IZYOZ,0,0,0
3448,5949-EBSQK,0,1,0
2234,4500-HKANN,0,0,0
929,8812-ZRHFP,0,0,0
179,3712-PKXZA,0,0,0
5532,8174-LNWMW,0,0,0
6933,6502-MJQAE,1,1,1
1324,0031-PVLZI,0,1,0
3140,7901-HXJVA,1,1,1
2211,5802-ADBRC,0,1,0
3791,3453-RTHJQ,1,1,1
758,2189-WWOEW,1,1,1
3672,9378-FXTIZ,0,0,0
1749,1320-REHCS,1,1,1
3864,4817-VYYWS,1,1,1
697,5896-NPFWW,1,1,1
6548,5012-YSPJJ,0,0,0
168,3445-HXXGF,0,1,0
321,9880-TDQAC,0,0,0
2720,3426-NIYYL,1,0,0
1064,3800-LYTRK,0,0,0
5341,2982-IHMFT,1,1,1
3083,1599-EAHXY,0,0,0
5082,8779-YIQQA,0,0,0
6236,1932-UEDCX,1,1,1
6357,8079-XRJRS,0,0,0
4295,3740-RLMVT,0,0,0
3322,8058-JMEQO,1,1,1
2622,5315-CKEQK,0,0,0
3695,6088-BXMRG,1,1,1
6090,9625-QNLUX,0,0,0
3489,0975-UYDTX,0,0,0
1655,7963-GQRMY,1,1,1
5752,7480-SPLEF,0,0,0
6084,5119-KEPFY,1,1,1
586,4568-KNYWR,0,0,0
5681,2522-WLNSF,0,0,0
830,9101-BWFSS,0,1,0
2143,4079-VTGLK,0,0,0
6765,5115-SQAAU,0,0,0
4950,6892-EZDTG,1,1,1
6004,6736-DHUQI,0,0,0
4045,3677-TNKIO,1,1,1
4795,6532-YLWSI,0,0,0
5794,1162-ECVII,0,0,0
2942,5310-NOOVA,0,0,0
5733,4817-KEQSP,0,0,0
766,5175-WLYXL,1,1,1
1199,7126-RBHSD,1,1,1
5439,5959-BELXA,1,1,1
5479,8990-ZXLSU,1,1,1
1430,6510-UPNKS,0,0,0
4963,8313-AFGBW,0,0,0
539,5394-MEITZ,0,0,0
6252,9074-KGVOX,0,1,0
4287,6425-YQLLO,0,0,0
5261,1409-PHXTF,0,0,0
1869,7010-BRBUU,0,0,0
80,5919-TMRGD,1,1,1
4545,6145-NNPNO,1,1,1
5157,5840-NVDCG,0,0,0
5015,0708-SJDIS,0,0,0
1867,0923-PNFUB,1,1,1
95,8637-XJIVR,1,1,1
512,5956-VKDTT,1,1,1
381,6905-NIQIN,1,1,1
5889,9693-XMUOB,0,1,1
3561,5998-VVEJY,1,1,1
4809,7814-LEEVE,0,1,1
2308,3324-OIRTO,0,0,0
1419,3498-LZGQZ,0,0,0
3723,7010-ZMVBF,0,0,0
713,5433-KYGHE,1,1,1
2937,5312-IRCFR,0,0,0
5379,6284-KMNUF,0,1,0
6087,8319-QBEHW,0,0,0
6246,7054-DMVAS,0,0,0
1443,7055-HNEOJ,1,1,1
677,0822-GAVAP,1,1,1
2099,2190-BCXEC,0,1,0
2711,0431-APWVY,1,0,0
5044,9927-DSWDF,1,1,1
1332,4656-CAURT,0,0,0
5122,4353-HYOJD,0,0,0
4565,1866-DIOQZ,0,0,0
2545,0654-PQKDW,0,0,0
6840,1724-IQWNM,0,1,1
1923,7696-CFTAT,0,0,0
6964,1264-FUHCX,0,0,0
2709,6128-AQBMT,1,1,1
2731,1110-KYLGQ,0,1,0
5857,0378-NHQXU,1,1,1
1319,1725-MIMXW,0,1,1
6819,3005-NFMTA,1,1,1
1384,4704-ERYFC,1,1,1
6523,2834-JKOOW,0,0,0
2575,5186-PEIZU,0,0,0
4098,5356-RHIPP,0,1,1
1845,4115-UMJFQ,0,0,0
536,0621-HJWXJ,0,1,0
3500,5443-SCMKX,0,1,0
4412,8042-RNLKO,0,0,0
1045,3524-WQDSG,1,1,1
3126,9754-CLVZW,0,1,0
2182,2530-FMFXO,0,0,0
6713,4989-LIXVT,1,1,0
6847,8930-XOTDP,0,0,0
6632,9259-PACGQ,0,0,0
5204,4282-ACRXS,1,1,0
3412,4854-SSLTN,0,0,0
4845,0056-EPFBG,0,0,0
5462,9289-LBQVU,0,0,0
1265,1004-NOZNR,0,1,0
854,7695-PKLCZ,0,0,0
3863,0365-BZUWY,1,1,1
2186,5970-GHJAW,0,0,0
4908,3957-LXOLK,1,1,1
6796,8450-JOVAH,0,1,0
2277,3571-RFHAR,1,1,0
4938,6413-XKKPU,1,1,1
6900,7921-LMDFQ,1,1,0
61,1215-FIGMP,1,1,0
3958,4652-NNHNY,1,1,1
4703,2956-GGUCQ,1,1,1
5553,6629-CZTTH,1,1,1
968,3429-IFLEM,0,0,0
5294,2927-CVULT,0,0,0
2996,6620-JDYNW,0,0,0
3054,6465-GSRCL,0,0,0
997,1374-DMZUI,1,1,1
3318,5016-ETTFF,1,1,0
5496,2208-NKVVH,0,0,0
2410,3503-TYDAY,1,1,1
1969,5110-CHOPY,0,0,0
5643,0231-LXVAP,1,1,1
1192,1579-KLYDT,1,1,1
19,4183-MYFRB,1,1,1
1670,5047-LHVLY,1,1,1
5689,5399-ZIMKF,1,1,1
4135,8670-MEFCP,0,0,0
2775,2634-HCZGT,0,0,0
7010,0723-DRCLG,1,1,1
4853,0440-UEDAI,0,1,0
4167,5120-ZBLAI,0,0,0
2812,3763-GCZHZ,0,0,0
6402,8510-TMWYB,0,0,0
3573,6506-EYCNH,0,0,0
3479,8229-TNIQA,1,1,1
1077,4361-BKAXE,1,1,0
5067,5018-LXQQG,0,0,0
1334,1768-ZAIFU,1,1,1
3418,4176-FXYBO,1,1,1
6829,8148-WOCMK,0,0,0
2932,7740-BTPUX,0,0,0
1514,5799-JRCZO,0,0,0
3218,6869-FGJJC,0,0,0
3740,0508-OOLTO,1,1,1
6281,7435-ZNUYY,0,0,0
3686,5899-MQZZL,1,1,1
5195,1676-MQAOA,0,0,0
1812,2085-BOJKI,1,1,1
247,9947-OTFQU,1,1,1
2321,9776-OJUZI,1,1,0
5632,5567-GZKQY,0,0,0
4032,4098-NAUKP,0,1,0
1301,9795-SHUHB,0,0,0
4688,2988-GBIVW,1,1,0
3243,3665-JATSN,1,1,0
6493,6576-FBXOJ,1,0,0
2960,5590-BYNII,1,1,1
1865,7064-FRRSW,1,1,0
3564,7820-ZYGNY,0,0,0
5080,7159-NOKYQ,0,0,0
6722,5481-NTDOH,0,0,0
2470,2143-LJULT,0,0,0
3270,4132-KALRO,1,1,1
2832,0635-WKOLD,0,0,0
4738,2369-UAPKZ,1,1,1
228,4811-JBUVU,1,1,1
1306,0201-OAMXR,0,0,0
4057,7980-MHFLQ,0,0,0
5652,9752-ZNQUT,1,1,1
2397,3722-WPXTK,1,1,1
1078,9845-PEEKO,0,0,0
3415,1625-JAIIY,0,0,0
1555,9651-GTSAQ,0,1,0
4625,4480-QQRHC,1,1,1
1907,2272-UOINI,1,0,0
5595,2308-STERM,0,1,0
4136,3079-BCHLN,0,0,0
754,0139-IVFJG,1,1,1
2946,3404-JNXAX,0,1,0
2620,7799-DSEWS,0,0,0
6018,8859-DZTGQ,0,0,0
1203,9087-EYCPR,0,0,0
2603,0164-APGRB,0,0,0
5514,0623-GDISB,1,1,1
1587,5939-SXWHM,0,0,0
2608,4323-SADQS,1,1,0
3511,3785-KTYSH,0,0,0
5884,4785-QRJHC,0,0,0
3434,1877-HKBQX,0,0,0
31,4929-XIHVW,1,1,1
1765,0409-WTMPL,0,1,0
3022,1796-JANOW,0,1,0
1119,1459-QNFQT,0,0,0
4018,2969-WGHQO,0,0,0
1875,9637-CDTKZ,0,0,0
5313,1935-IMVBB,0,1,0
6092,4024-CSNBY,0,0,0
3399,8434-PNQZX,0,0,0
2074,6179-GJPSO,1,1,0
6188,7542-CYDDM,0,0,0
593,0215-BQKGS,0,1,0
4609,2519-TWKFS,0,0,0
1012,7426-RHZGU,1,1,1
17,9959-WOFKT,0,0,0
96,9803-FTJCG,0,0,0
2403,0310-SUCIN,0,0,0
1378,1697-BCSHV,0,0,0
5442,2481-SBOYW,0,0,0
156,9167-APMXZ,1,1,1
5473,1208-NBVFH,1,0,0
2760,9534-NSXEM,0,0,0
6849,5060-TQUQN,1,1,0
1058,2074-GKOWZ,1,1,1
425,2055-SIFSS,0,0,0
3614,8039-EQPIM,0,0,0
5454,2506-TNFCO,1,1,1
447,0732-OCQOC,0,0,0
5549,0329-GTIAJ,1,1,1
6409,3653-NCRDJ,0,0,0
1088,7029-RPUAV,1,1,1
6592,3205-MXZRA,0,0,0
5428,7394-FKDNK,1,1,1
5244,6233-HXJMX,1,1,1
1503,0481-SUMCB,1,1,0
2112,8383-SGHJU,0,0,0
5178,4350-ZTLPI,0,1,0
2810,8433-WPJTV,0,0,0
4675,7486-KSRVI,1,1,0
1567,1436-ZMJAN,1,0,0
2982,5266-PFRQK,0,0,0
5275,9530-EHPOH,1,0,0
4558,8063-GBATB,1,1,1
2651,4873-ILOLJ,1,1,1
6168,2868-MZAGQ,1,1,1
93,6067-NGCEU,0,1,0
3324,5043-TRZWM,1,1,1
3894,5989-AXPUC,0,0,0
5755,5937-EORGB,1,1,1
3577,7541-YLXCL,0,0,0
2478,7878-JGDKK,1,1,1
3368,1370-GGAWX,1,1,0
3158,7410-KTVFV,0,0,0
476,3780-DDGSE,0,0,0
3777,4742-TXUEX,0,0,0
5075,4879-GZLFH,1,1,1
4242,6124-ACRHJ,0,1,0
2659,3166-PNEOF,0,0,0
2599,6384-VMJHP,0,0,0
4357,7998-ZLXWN,0,0,0
1708,8640-SDGKB,1,1,1
3008,8084-OIVBS,0,0,0
1504,1769-GRUIK,1,1,1
4181,4553-DVPZG,1,1,1
5844,2905-KFQUV,1,1,1
2590,4526-ZJJTM,1,1,1
6567,6215-NQCPY,1,1,1
487,3649-JPUGY,0,0,0
5491,3703-TTEPD,0,0,0
1107,0971-QIFJK,0,0,0
3460,2669-OIDSD,1,1,0
735,7595-EHCDL,0,1,0
562,3701-SFMUH,1,0,0
5985,3585-YNADK,0,0,0
1780,0516-VRYBW,0,0,0
2417,4307-KWMXE,1,1,0
334,2868-SNELZ,1,1,1
3132,2468-SJFLM,1,1,1
4342,5792-JALQC,0,0,0
1248,7321-PKUYW,1,1,1
23,3638-WEABW,0,0,0
2085,8290-YWKHZ,1,1,1
3692,7159-FVYPK,1,1,1
1339,3838-OZURD,1,1,0
3385,7526-BEZQB,1,1,1
6791,5204-QZXPU,1,1,1
1604,6265-SXWBU,0,0,0
2581,0380-ZCSBI,0,0,0
1172,1641-RQDAY,1,1,1
1849,0621-TWIEM,1,0,1
1267,2612-PHGOX,0,0,0
2420,3694-DELSO,1,1,0
2232,6479-SZPLM,0,0,0
3490,7743-EXURX,1,0,0
6150,5222-IMUKT,1,1,1
3621,2933-FILNV,1,1,1
5725,9648-BCHKM,0,0,0
3487,9257-AZMTZ,0,0,0
3921,7964-YESJC,0,0,0
3202,5501-TVMGM,1,1,1
2747,8295-FHIVV,0,0,0
2280,2754-SDJRD,1,1,1
1042,7296-PIXQY,1,1,1
3889,2592-HODOV,0,0,0
4306,2931-SVLTV,0,1,0
6872,5297-MDOIR,0,0,0
4435,5453-AXEPF,1,1,1
5704,0168-XZKBB,1,1,1
6955,5392-AKEMH,1,0,1
6994,0804-YGEQV,0,0,0
2446,9492-TOKRI,1,1,1
1657,4163-KIUHY,0,0,0
6508,8708-XPXHZ,1,1,1
378,2863-IMQDR,0,0,0
5779,2237-ZFSMY,0,0,0
5063,3744-ZRRDZ,1,1,1
199,3645-DEYGF,0,1,0
4048,6762-QVYJO,0,0,0
4387,5868-YTYKS,0,1,1
4781,9814-AOUDH,0,0,0
3971,8515-OCTJS,0,0,0
3836,6872-HXFNF,0,0,0
1185,5673-FSSMF,1,1,1
1563,3223-DWFIO,1,1,1
1910,6637-KYRCV,1,1,1
5568,2270-CHBFN,0,1,0
3302,7774-OJSXI,1,1,1
1742,5318-IXUZF,1,1,1
3878,2223-GDSHL,0,0,0
3619,6479-VDGRK,0,0,0
6753,4114-QMKVN,0,0,0
6635,5474-LAMUQ,0,0,0
2692,5445-GLVOT,0,0,1
2359,2616-UUTFK,0,0,0
5486,7609-YBPXG,0,0,0
1060,6100-FJZDG,0,0,0
1451,6890-PFRQX,0,0,0
5186,3776-EKTKM,1,1,1
1887,4547-LYTDD,1,1,1
5656,7312-XSBAT,1,1,1
6920,2595-KIWPV,0,0,0
1456,3473-XIIIT,1,1,1
5564,3057-VJJQE,0,0,0
6054,9445-SZLCH,1,1,1
6773,3990-QYKBE,1,1,1
548,4676-MQUEA,0,0,0
6779,0076-LVEPS,0,1,0
1325,7206-GZCDC,1,1,1
963,4849-PYRLQ,0,0,0
3340,6015-VVHHE,1,1,1
6989,1389-WNUIB,0,0,0
5649,6147-CBCRA,0,0,0
4055,4676-WLUHT,0,0,0
4926,0440-EKDCF,0,0,0
5730,7167-PCEYD,0,0,0
3039,5456-ITGIC,0,0,0
2189,4195-PNGZS,0,0,0
2322,1306-RPWXZ,0,0,0
5253,2851-STERV,0,0,0
4395,5502-RLUYV,1,1,0
1770,7279-BUYWN,1,1,1
6056,8331-ZXFOE,0,0,0
7018,1122-JWTJW,1,1,1
519,7531-GQHME,0,0,0
612,2804-ETQDK,0,0,0
3893,5816-SCGFC,1,0,0
4490,0442-ZXKVS,0,1,0
2338,4277-BWBML,0,0,0
3473,7599-FKVXZ,1,1,1
492,0388-EOPEX,1,1,1
4298,5651-CPDND,1,0,0
3849,5089-IFSDP,0,0,0
323,7102-JJVTX,0,0,0
4323,3707-LRWZD,1,0,0
4277,5955-EPOAZ,0,0,0
2458,7516-GMHUV,0,0,0
4863,8727-JQFHV,0,0,0
3898,2332-TODQS,0,0,0
6926,1450-SKCVI,0,1,1
7034,0639-TSIQW,0,1,0
324,8626-PTQGE,0,0,0
1808,4816-LXZYW,1,1,1
587,8752-IMQOS,0,0,0
3831,6946-LMSQS,1,0,0
1538,6326-MTTXK,1,1,1
2510,3707-GNWHM,1,1,1
5069,1602-IJQQE,1,1,1
4816,5906-DVAPM,0,0,0
3631,2722-JMONI,1,1,1
1699,6223-DHJGV,0,0,0
3212,0585-EGDDA,1,1,1
4202,3146-JTQHR,0,0,0
1600,3068-OMWZA,1,1,1
3231,9938-EKRGF,0,0,0
1864,7105-MXJLL,0,0,0
5697,1984-FCOWB,0,0,0
88,2796-NNUFI,0,0,0
1201,6789-HJBWG,1,0,0
1472,9283-LZQOH,1,1,1
4294,7596-LDUXP,1,0,0
4659,6616-AALSR,0,0,0
6241,8878-HMWBV,1,1,1
6307,3043-SUDUA,0,0,0
973,8919-FYFQZ,0,1,0
5588,1660-HSOOQ,1,1,1
1398,3569-EDBPQ,1,1,1
198,7255-SSFBC,0,0,0
4168,1194-BHJYC,0,0,0
2668,6849-WLEYG,0,1,1
6183,6981-TDRFT,0,0,0
73,8028-PNXHQ,0,0,0
4799,4182-BGSIQ,0,0,0
4991,1502-XFCVR,0,1,0
1405,6960-HVYXR,1,1,1
6135,3726-TBHQT,0,0,0
5312,9564-KCLHR,1,1,1
5925,1840-BIUOG,0,0,0
3310,9885-CSMWE,1,1,1
5228,3589-PPVKW,1,0,1
737,2521-NPUZR,0,0,0
2704,9640-ZSLDC,0,0,0
5162,4801-KFYKL,0,0,0
2898,6505-OZNPG,0,0,0
1167,4189-NAKJS,0,0,0
3148,2452-SNHFZ,0,1,0
6795,3541-ZNUHK,0,1,0
6605,7632-MNYOY,0,0,0
6444,6302-JGYRJ,0,0,0
6420,1422-DGUBX,0,0,0
4642,5458-CQJTA,0,0,0
1891,4193-ORFCL,1,1,1
2758,2439-QKJUL,0,1,0
2624,0820-FNRNX,0,0,0
2082,3486-KHMLI,0,0,0
6867,5146-YYFRZ,0,0,0
4324,6873-UDNLD,0,0,0
6778,5893-KCLGT,0,0,0
2303,7377-DMMRI,1,1,1
5933,6496-SLWHQ,1,1,1
5156,8109-YUOHE,0,0,0
4375,9896-UYMIE,0,0,0
1380,1131-SUEKT,0,1,0
5935,2931-FSOHN,1,0,0
2895,7446-SFAOA,0,0,0
208,7825-ECJRF,1,1,1
1424,7560-QRBXH,0,0,0
2733,3518-PZXZQ,1,1,1
960,2826-DXLQO,1,1,1
621,0516-UXRMT,0,0,0
2959,7587-AOVVU,1,1,1
802,8859-AXJZP,0,0,0
6622,4662-EKDPQ,1,1,1
3721,2839-RFSQE,0,1,0
1457,6362-QHAFM,1,1,1
2039,6298-QDFNH,1,1,1
3284,7586-ZATGZ,1,1,1
2467,6559-RAKOZ,0,1,0
1299,4566-QVRRW,1,0,0
2527,8931-GJJIQ,1,1,1
1794,5377-NDTOU,0,0,0
2886,3170-GWYKC,0,1,0
286,3808-HFKDE,1,0,0
551,1352-HNSAW,0,0,0
5903,1455-HFBXA,0,0,0
1902,1951-IEYXM,0,0,0
4971,1237-WIYYZ,0,0,0
4776,0018-NYROU,1,1,1
5254,4393-GEADV,0,0,0
4281,8582-KRHPJ,0,1,0
6275,0885-HMGPY,0,0,0
6086,0916-KNFAJ,0,0,0
4564,4877-EVATK,0,1,1
401,9442-JTWDL,0,0,0
3925,9938-ZREHM,0,0,0
748,6425-JWTDV,0,0,0
1050,1271-SJBGZ,1,1,0
41,9489-DEDVP,0,0,0
4842,5707-ORNDZ,1,0,0
6896,3085-QUOZK,1,1,1
5300,8821-XNHVZ,1,1,1
6668,2832-KJCRD,1,1,1
6467,9494-MRNYX,1,1,1
5710,6297-NOOPG,0,0,0
3955,6704-UTUKK,1,1,0
738,1307-TVUFB,1,1,1
2154,4335-UPJSI,0,0,0
5418,8490-BXHEO,1,1,1
5225,5376-PCKNB,0,0,0
5762,1421-HCERK,1,1,1
2138,6288-CHQJB,0,0,0
1844,1265-HVPZB,0,0,0
2879,4550-VBOFE,1,1,0
2697,6461-SZMCV,0,0,0
1745,2418-TPEUN,0,0,0
1214,9866-QEVEE,1,1,1
4159,6917-YACBP,0,1,0
4238,5016-LIPDW,0,0,0
6270,0625-AFOHS,0,0,0
2531,3612-YVGSJ,0,0,0
2580,7748-UMTRK,1,1,1
4361,8680-CGLTP,0,0,0
5353,8992-OBVDG,0,0,0
1674,2808-CHTDM,0,0,0
3470,6483-OATDN,0,0,0
1654,2967-MXRAV,0,0,0
5692,3948-FVVRP,0,0,0
3006,9685-WKZGT,1,1,1
5976,6907-CQGPN,0,1,0
550,3580-HYCSP,0,0,0
5843,1480-IVEVR,1,0,0
6897,2363-BJLSL,0,0,0
6162,9000-PLFUZ,0,0,0
296,6556-DBKZF,0,0,0
3137,4567-AKPIA,0,1,0
3313,4232-JGKIY,0,1,0
5398,3936-QQFLL,0,1,0
4994,9692-TUSXH,1,1,1
5489,0804-XBFBV,1,1,1
5419,7173-TETGO,0,0,0
6224,2330-PQGDQ,0,0,0
3868,1396-QWFBJ,1,1,1
100,6380-ARCEH,0,1,1
3402,4951-UKAAQ,1,1,1
1025,7868-TMWMZ,0,0,0
1044,3354-OADJP,0,0,0
2591,8384-FZBJK,1,1,1
1667,4403-BWPAY,0,0,0
3346,2545-EBUPK,1,1,1
2231,2482-CZGBB,1,1,1
5615,1493-AMTIE,0,1,1
5671,6370-ZVHDV,0,0,0
800,5671-RQRLP,0,0,0
2171,3995-WFCSM,1,1,1
5783,1415-YFWLT,1,1,1
3896,8590-OHDIW,0,0,0
2202,5931-FLJJF,1,1,1
835,4250-WAROZ,1,1,0
3848,8805-JNRAZ,1,1,1
346,2034-GDRCN,1,1,1
3584,9552-TGUZV,1,1,1
2204,2659-VXMWZ,0,0,0
6999,2108-XWMPY,1,1,1
6758,7956-XQWGU,0,0,0
682,4957-TREIR,0,1,0
1197,8944-AILEF,0,0,0
5975,1522-VVDMG,1,1,1
6338,2081-KJSQF,0,1,1
87,1862-QRWPE,0,0,0
465,2996-XAUVF,0,0,0
6153,6685-XSHHU,0,0,0
3645,1991-VOPLL,0,0,0
6687,5561-NWEVX,1,1,1
6943,0032-PGELS,1,1,1
6267,0328-GRPMV,1,1,1
4763,4001-TSBTV,1,1,1
2610,5202-IVJNU,0,1,0
1426,8752-GHJFU,0,0,0
157,2749-CTKAJ,0,0,0
351,5160-UXJED,0,0,0
6260,0458-HEUZG,0,0,0
6924,6457-GIRWB,1,1,1
1791,2348-KCJLT,0,0,0
2194,2514-GINMM,1,1,1
2522,0661-KBKPA,0,0,0
2841,9743-DQKQW,1,1,1
3632,2203-GHNWN,1,1,1
1157,5268-DSMNQ,0,0,0
744,1635-FJFCC,1,1,1
6055,6599-SFQVE,1,0,1
84,0318-ZOPWS,0,0,0
5141,0303-WMMRN,0,1,0
6368,2720-WGKHP,1,1,1
2187,8879-XUAHX,0,0,0
6036,8008-ESFLK,0,1,0
6869,5906-CVLHP,0,0,0
5586,1998-VHJHK,0,0,0
5729,4072-IPYLT,0,0,0
5475,1114-CENIM,0,0,0
2870,1400-WIVLL,0,0,0
3565,4317-VTEOA,1,1,1
2520,5788-YPOEG,0,0,0
6253,6128-DAFVY,0,1,0
3987,7625-XCQRH,1,1,1
4614,4732-RRJZC,0,0,0
6927,4710-NKCAW,0,1,0
3268,6778-EICRF,0,0,0
6238,5188-HGMLP,0,1,0
167,5997-OPVFA,0,0,0
2764,1810-MVMAI,0,0,0
5792,3500-RMZLT,1,1,1
3839,8387-UGUSU,0,0,0
3372,2883-ILGWO,1,1,0
2349,9548-ZMVTX,0,0,0
6483,3644-QXEHN,1,1,1
4038,2525-GVKQU,0,0,0
4630,1852-XEMDW,0,0,0
4567,2697-NQBPF,1,1,1
5468,6437-UKHMV,1,1,1
1101,4712-UYOOI,0,0,0
3263,0689-DSXGL,0,1,0
2518,0447-RXSGD,1,1,1
4382,2277-VWCNI,1,1,1
4894,0533-UCAAU,0,0,0
5109,7113-HIPFI,0,0,0
2882,6652-YFFJO,1,0,0
2158,9297-FVVDH,0,0,0
4058,2873-ZLIWT,1,1,1
4151,7733-UDMTP,1,1,0
1148,7851-WZEKY,1,1,1
5575,1492-KGETH,0,0,0
1285,9134-CEQMF,1,1,1
1591,8246-SHFGA,0,0,0
2931,8059-UDZFY,1,1,1
3806,0650-BWOZN,1,1,1
5407,9786-YWNHU,0,0,0
6022,5025-GOOKI,0,0,0
3992,2987-BJXIK,0,0,0
1005,2858-EIMXH,1,1,1
2027,3778-FOAQW,0,0,0
373,2805-EDJPQ,0,1,0
5005,2359-QWQUL,0,1,0
5213,7668-XCFYV,1,1,1
6347,7718-RXDGG,1,1,1
308,3167-SNQPL,1,1,1
1037,4581-LNWUM,1,1,1
2503,9067-SQTNS,0,0,0
3713,6961-VCPMC,1,1,1
6559,1427-VERSM,1,1,0
4341,3754-DXMRT,1,1,1
3144,7968-QUXNS,0,0,0
5034,9758-MFWGD,0,0,0
2489,1032-MAELW,0,0,0
2123,8819-IMISP,1,1,1
2265,1583-IHQZE,1,1,1
4495,4702-IOQDC,1,1,1
1917,3219-JQRSL,0,0,0
814,4785-NKHCX,0,1,0
65,5122-CYFXA,1,1,1
5791,7233-DRTRF,1,1,1
1162,9359-UGBTK,0,0,0
4415,0420-TXVSG,0,0,0
1448,2958-NHPPS,0,0,0
4419,1045-LTCYT,0,0,0
6875,6848-HJTXY,0,0,0
1225,6581-NQCBA,1,1,1
1725,5935-FCCNB,1,1,1
1049,8329-IBCTI,0,1,0
3112,8809-XKHMD,0,0,0
486,9094-AZPHK,1,1,1
2257,2054-PJOCK,0,0,0
5006,9103-TCIHJ,0,0,0
2753,6857-VWJDT,1,1,1
3989,7634-WSWDB,1,1,1
923,9199-PWQVC,0,0,0
322,8705-WZCYL,1,1,1
248,0322-YINQP,1,1,1
5436,7246-ZGQDF,0,1,1
4235,7629-WFGLW,0,0,0
6432,8221-EQDGL,0,0,0
2878,0428-IKYCP,1,1,1
2977,5906-BFOZT,0,1,1
231,3316-UWXUY,0,1,0
3215,3481-JHUZH,1,1,1
6292,0327-WFZSY,1,1,0
4823,9732-KPKBW,1,1,1
3417,3272-VUHPV,0,0,0
5035,3955-JBZZM,1,1,1
3428,8749-JMNKX,1,1,0
91,2424-WVHPL,1,1,1
4911,8565-WUXZU,0,0,0
318,2840-XANRC,1,1,1
4758,3646-ITDGM,0,0,0
2475,0320-DWVTU,0,0,0
3618,3209-ZPKFI,0,0,0
6154,8901-UPRHR,0,0,0
5003,1867-BDVFH,1,1,1
3908,8261-GWDBQ,0,0,0
1492,3254-YRILK,1,1,1
1939,8267-KFGYD,0,1,0
1825,5423-BHIXO,0,0,0
2694,2466-NEJOJ,0,0,0
3114,0867-LDTTC,1,1,0
1281,9531-NSBMR,0,0,0
1059,0376-YMCJC,1,1,1
1662,2058-DCJBE,1,1,1
5981,8577-QSOCG,0,0,0
2129,9787-XVQIU,1,1,1
6755,9003-CPATH,1,1,1
5841,7136-RVDTZ,0,0,0
4794,0366-NQSHS,0,1,0
1731,8375-DKEBR,1,1,1
1620,6022-KOUQO,1,1,1
4746,0637-KVDLV,1,1,1
3688,5312-UXESG,1,1,1
1488,8695-WDYEA,0,1,1
4582,6122-LJADA,0,0,0
4878,7869-ZYDST,0,0,0
4431,8630-FJLIB,1,1,1
3677,6656-JWRQX,1,1,1
2658,7473-ZBDSN,0,0,0
2220,2234-EOFPT,0,0,0
712,9661-JALZV,0,0,0
2244,0866-QLSIR,0,0,0
4969,2303-PJYHN,0,1,0
1512,9314-IJWSQ,1,1,1
265,0123-CRBRT,0,0,0
6606,6518-LGAOV,1,1,1
6507,5708-EVONK,0,1,0
999,3234-VKACU,1,1,1
1571,2812-SFXMJ,0,1,0
4527,7666-WKRON,0,0,0
791,3442-ZHHCC,0,0,0
2746,5480-XTFFL,0,0,0
2986,1303-SRDOK,0,0,0
1984,4373-MAVJG,1,1,1
840,0727-BMPLR,1,1,0
14,5129-JLPIS,1,1,1
3023,0238-WHBIQ,0,0,0
1550,9957-YODKZ,1,1,1
1023,7460-ITWWP,1,1,1
6505,7018-FPXHH,0,0,0
5799,8066-POXGX,1,1,1
8,7892-POOKP,1,1,1
1737,8887-IPQNC,1,0,0
6833,9129-UXERG,1,1,1
332,2379-GYFLQ,0,0,0
2649,3027-YNWZU,0,0,0
4811,5175-AOBHI,1,1,1
2050,4872-JCVCA,0,0,0
4887,9184-GALIL,0,0,0
2799,7009-PCARS,0,0,0
6748,6230-BSUXY,1,1,1
2845,9093-FPDLG,1,1,1
339,1343-EHPYB,1,1,0
4698,8166-ZZTFS,0,0,0
1485,9809-IMGCQ,1,1,1
2350,8739-XNIKG,1,1,1
1417,5651-WYIPH,1,0,0
623,5148-HKFIR,0,0,0
6971,7240-FQLHE,1,1,1
1840,6990-YNRIO,0,0,0
5268,2885-HIJDH,0,0,0
1153,8777-PVYGU,0,0,0
2007,8086-OVPWV,1,1,1
2311,8552-OBVRU,1,1,0
5651,4471-KXAUH,1,1,1
5072,5995-SNNEW,1,1,1
4975,4822-LPTYJ,0,0,0
196,9178-JHUVJ,0,0,0
4989,0909-SDHNU,0,1,0
5530,9644-KVCNC,0,0,0
5127,8199-ZLLSA,0,0,0
6342,3384-CTMSF,1,1,1
5128,4128-ETESU,1,1,1
432,2181-UAESM,1,1,1
2213,5197-YPYBZ,0,0,0
4223,4029-HPFVY,1,1,1
4623,8755-IWJHN,1,1,0
3771,5960-WPXQM,1,1,1
6470,4544-RXFMG,0,0,0
3085,5052-PNLOS,1,1,1
4653,2091-MJTFX,0,1,0
1091,5832-TRLPB,0,0,0
2268,7205-BAIAD,0,0,0
605,4723-BEGSG,0,0,0
1357,7130-YXBRO,1,1,0
5111,6686-YPGHK,0,1,0
2674,1855-CFULU,0,1,0
4797,3892-NXAZG,0,0,0
4491,7853-WNZSY,0,1,0
4693,0463-TXOAK,0,0,0
2124,7802-EFKNY,1,1,1
5552,6072-NUQCB,0,0,0
3017,1402-PTHGN,0,0,0
5525,1333-PBMXB,0,0,0
5007,7407-SUJIZ,0,0,0
4003,0582-AVCLN,0,0,0
2407,8835-VSDSE,1,1,1
4013,9667-TKTVZ,1,1,1
6597,9210-IAHGH,1,0,0
906,5543-QDCRY,1,1,1
6600,4592-IWTJI,1,1,0
2178,1657-DYMBM,0,0,0
3211,4359-INNWN,0,0,0
1379,0562-KBDVM,0,0,0
2873,0148-DCDOS,1,1,1
6499,2676-ISHSF,0,1,1
3758,8885-QSQBX,1,1,1
3005,0516-QREYC,0,0,0
6681,1389-CXMLU,1,1,1
6656,4779-ZGICK,0,0,0
4882,8404-VIOMB,0,0,0
3287,5828-AVIPD,1,1,1
4455,8280-MQRQN,1,1,1
6880,6976-BWGLQ,0,0,0
254,3675-YDUPJ,0,0,0
3012,2160-GPFXD,0,0,0
221,4443-EMBNA,0,0,0
3786,0064-YIJGF,1,1,1
1788,7416-CKTEP,0,0,0
6636,3468-DRVQJ,0,0,0
2441,9050-IKDZA,1,1,1
5881,3229-USWAR,0,0,0
5833,4976-LNFVV,1,1,0
3136,3884-HCSWG,1,1,1
1637,4999-IEZLT,0,0,0
4273,3814-MLAXC,1,1,0
4029,0019-GFNTW,0,0,0
6526,3190-XFANI,0,1,0
2786,6584-VQMYT,0,0,0
4297,2192-OZITF,0,0,0
376,6158-HDPXZ,1,1,1
757,0030-FNXPP,0,1,0
291,3727-OWVYD,0,0,0
1898,6689-TCZHQ,1,1,1
6921,5243-SAOTC,0,1,0
188,0956-SYCWG,0,0,0
3159,5150-ITWWB,1,1,1
1625,1262-OPMFY,1,1,1
4902,5092-STPKP,0,0,0
3936,0701-TJSEF,0,0,0
502,3957-HHLMR,0,0,0
4031,8309-PPCED,0,0,0
4001,7446-KQISO,0,0,0
6059,7325-ENZFI,0,0,0
3068,1810-BOHSY,0,1,0
6609,1000-AJSLD,0,1,1
6515,7016-BPGEU,0,1,0
673,9092-GDZKO,0,0,0
3975,2860-RANUS,1,1,1
2712,5133-VRSAB,1,1,0
1412,7861-UVUFT,1,1,1
5485,7794-JASDG,1,1,1
4332,4194-FJARJ,0,0,0
5515,2892-GESUL,0,0,0
3320,2195-VVRJF,1,0,0
216,9286-BHDQG,0,0,0
5947,7951-QKZPL,0,0,0
421,5605-IYGFG,1,1,1
5066,7191-ADRGF,0,0,0
4664,7571-YXDAD,1,1,1
5723,7824-PANSQ,0,1,0
507,7218-HKQFK,1,1,1
3892,3824-RHKVR,0,0,0
6664,4480-MBMLB,1,1,0
5470,6726-NNFWD,0,0,0
5899,9943-VSZUV,0,1,0
4537,1100-DDVRV,1,1,0
6689,8561-NMTBD,0,0,0
5818,3197-NNYNB,0,0,0
4228,6416-TVAIH,1,1,1
1970,5445-UTODQ,1,1,1
4498,0967-BMLBD,0,0,0
2926,0106-UGRDO,0,0,0
347,8966-SNIZF,0,0,0
2117,4139-DETXS,0,0,0
333,0122-OAHPZ,1,1,1
6781,4919-MOAVT,1,1,1
2293,9339-FIIJL,0,0,0
6152,7562-GSUHK,1,1,1
5421,2300-RQGOI,0,0,0
6590,1031-IIDEO,1,1,1
3942,6959-UWKHF,1,1,1
2412,1623-NLDOT,0,0,0
747,3966-HRMZA,1,1,1
5999,6733-LRIZX,0,0,0
4026,0266-GMEAO,0,0,0
3321,3913-RDSJZ,0,0,0
3879,7359-PTSXY,1,1,1
4628,1202-KKGFU,0,0,0
3785,8337-UPOAQ,1,1,1
2769,5577-OTWWW,0,0,0
259,5046-NUHWD,1,1,0
1540,2796-UUZZO,0,1,0
3253,8123-QBNAZ,1,1,1
3100,7271-AJDTL,1,1,0
6225,1452-UZOSF,0,0,0
3293,2041-JIJCI,1,1,0
600,5839-SUYVZ,1,1,1
45,3714-NTNFO,1,1,1
4485,7975-JMZNT,0,0,0
3622,3569-JFODW,0,0,0
3586,8722-NGNBH,0,1,0
6735,6365-HITVU,0,0,0
1726,1958-RNRKS,0,0,0
5737,7989-VCQOH,0,0,0
4618,6350-XFYGW,1,1,1
4105,5055-BRMNE,0,0,0
6419,3865-ZYKAD,0,1,0
2823,4884-LEVMQ,0,0,0
426,2806-MLNTI,1,1,1
2428,2519-FAKOD,1,1,1
807,2798-NYLMZ,0,0,0
410,0334-GDDSO,1,1,1
3505,1335-NTIUC,1,1,1
3569,9847-HNVGP,0,0,0
438,5886-VLQVU,1,1,0
4985,4827-DPADN,0,0,0
434,6048-NJXHX,0,0,0
4009,4006-HKYHO,0,0,0
3119,5307-DZCVC,1,1,1
6599,0023-XUOPT,1,1,1
3576,2560-QTSBS,0,0,0
5909,5343-SGUBI,0,0,0
3164,2603-HVKCG,1,1,1
4761,8224-KDLKN,0,0,0
2323,8949-JTMAY,1,1,1
1052,7013-PSXHK,0,0,0
627,6797-UCJHZ,0,0,0
6473,9223-UCPVT,1,1,1
210,7841-TZDMQ,1,1,1
4170,0906-QVPMS,0,0,0
6180,0201-MIBOL,0,0,0
1760,2511-MORQY,0,0,0
51,9420-LOJKX,1,1,1
1113,7627-JKIAZ,1,1,1
5333,3143-JQEGI,1,1,1
1441,2480-EJWYP,0,1,1
2452,5908-QMGOE,1,1,1
4176,4685-TFLLS,0,0,0
4906,8639-NHQEI,0,0,0
5969,4673-KKSLS,0,1,0
5979,2675-IJRGJ,0,0,0
5322,8731-WBBMB,0,0,0
5602,9152-AMKAK,0,0,0
3856,6710-HSJRD,1,1,0
4531,4910-AQFFX,1,1,1
5647,7502-BNYGS,0,0,0
5461,1221-GHZEP,0,0,0
3449,5473-KHBPS,0,0,0
5872,4550-EVXNY,1,1,1
7040,4801-JZAZL,1,1,0
1746,3963-RYFNS,0,0,0
2912,0674-DGMAQ,1,1,1
706,7596-ZYWBB,0,0,0
4599,1834-ABKHQ,0,0,0
2068,9079-LWTFD,0,1,0
1946,7449-HVPIV,0,1,0
4424,4729-XKASR,1,1,1
5380,9689-PTNPG,1,1,1
528,7601-GNDYK,0,0,0
3300,1403-LKLIK,0,0,0
566,6967-QIQRV,0,1,1
1611,1971-DTCZB,0,0,0
3943,8720-RQSBJ,1,1,1
641,4580-TMHJU,0,0,0
5269,5424-RLQLC,1,0,0
731,6621-YOBKI,0,1,0
2309,5414-OFQCB,0,0,0
4329,2979-SXESE,1,1,1
325,4983-CLMLV,1,1,0
4450,4925-LMHOK,0,0,0
290,7534-BFESC,1,1,1
5518,9574-RKJIF,1,1,1
2047,8543-MSDMF,1,1,1
4524,3934-HXCFZ,1,1,1
4148,9142-XMYJH,0,0,0
4641,9895-VFOXH,1,1,1
2183,6844-DZKRF,1,1,1
3579,6080-TCMYC,1,1,1
2702,1942-OQFRW,1,1,1
866,0979-MOZQI,0,0,0
3037,8512-WIWYV,0,0,0
5959,2729-VNVAP,0,0,0
1945,8229-BUJHX,0,0,0
4589,1494-EJZDW,0,0,0
2256,4957-TIALW,0,0,0
4125,2716-GFZOR,0,1,0
371,0259-GBZSH,1,1,1
2727,3387-VATUS,1,1,1
2696,5472-CVMDX,0,0,0
4893,4432-ADRLB,1,1,1
3255,4827-LTQRJ,0,0,0
6495,7254-IQWOZ,1,1,1
5114,5371-VYLSX,1,1,1
5413,6833-JMZYP,1,1,1
4835,2360-RDGRO,1,1,0
6032,9090-SGQXL,1,1,0
6374,1293-BSEUN,0,0,0
5746,4817-QRJSX,1,1,1
3174,6968-MHOMU,0,0,0
5140,7577-SWIFR,1,1,1
4173,7858-GTZSP,1,1,1
4608,0813-TAXXS,0,0,0
122,0404-SWRVG,1,1,1
479,6227-HWPWX,1,1,1
1623,6035-RIIOM,0,0,0
6031,0282-NVSJS,1,1,0
6854,9700-ZCLOT,0,1,0
4672,8082-GHXOP,0,0,0
4571,0599-XNYDO,1,1,1
943,6115-ZTBFQ,0,0,0
1350,4102-HLENU,0,0,0
5146,3797-FKOGQ,1,1,1
439,3577-AMVUX,0,1,1
849,7408-OFWXJ,0,0,0
1544,3794-NFNCH,0,0,0
2418,0141-YEAYS,1,1,1
5208,6502-KUGLL,0,0,0
2172,1895-QTKDO,1,1,1
1177,2933-XEUJM,0,0,0
3821,1833-VGRUM,1,1,1
2547,7963-SHNDT,0,0,0
6518,1963-SVUCV,1,1,1
4687,3647-GMGDH,1,1,1
4626,0929-PECLO,1,1,0
4837,5134-IKDAY,1,1,1
5747,9730-DRTMJ,0,0,0
279,4130-MZLCC,1,1,1
2233,8097-VBQTZ,0,0,0
4172,1905-OEILC,0,1,1
6821,8784-CGILN,1,1,1
5910,0856-NAOES,1,0,0
6527,7551-DACSP,1,0,0
5336,9441-QHEVC,0,1,0
3515,5206-HPJKM,0,0,0
4349,7903-CMPEY,1,1,1
1105,7363-QTBIW,1,1,1
6182,2925-VDZHY,0,0,0
6734,8182-PNAGI,0,0,0
1375,1839-FBNFR,0,0,0
578,6522-YRBXD,1,1,1
59,5954-BDFSG,0,0,0
3058,2858-MOFSQ,0,0,0
789,0229-LFJAF,0,0,0
3698,7346-MEDWM,0,1,1
6239,0665-XHDJU,0,0,0
1648,7426-WEIJX,0,1,0
4155,6904-JLBGY,0,0,0
6810,7758-XKCBS,1,1,0
1506,8819-WFGGJ,0,0,0
1187,8089-UZWLX,0,0,0
4713,7544-ZVIKX,0,1,0
6460,8761-NSOBC,1,1,0
5319,9866-OCCKE,0,0,0
1677,3283-WCWXT,0,0,0
3793,6278-FEPBZ,0,0,0
5971,9800-OUIGR,0,0,0
184,1918-ZBFQJ,1,1,1
4892,8875-AKBYH,1,1,1
2989,3308-MHOOC,0,1,1
420,2233-FAGXV,0,1,0
4909,3720-DBRWL,0,0,0
554,5301-GAUUY,1,1,1
2029,6481-OGDOO,0,0,0
2137,8612-GXIDD,0,0,0
6825,5022-KVDQT,1,1,1
4497,0575-CUQOV,1,1,0
443,2937-FTHUR,0,0,0
5368,6168-WFVVF,1,1,1
2096,0761-AETCS,0,1,0
1559,9818-XQCUV,0,1,0
4085,5640-CAXOA,0,0,0
2597,5945-AZYHT,0,0,0
1516,6198-RTPMF,1,1,1
4494,0225-ZORZP,1,1,1
181,6582-OIVSP,1,1,1
6301,7872-RDDLZ,0,0,0
796,2040-OBMLJ,0,0,0
1411,2692-BUCFV,1,1,1
4471,2479-BRAMR,1,1,0
1493,6416-YJTTB,1,1,1
1885,7217-JYHOQ,0,0,0
5052,3255-GRXMG,0,0,0
1548,5522-NYKPB,1,1,1
6727,0749-IRGQE,1,1,1
4466,4806-KEXQR,1,1,1
2188,3689-MOZGR,0,1,0
5695,1813-JYWTO,0,0,0
531,1403-GYAFU,0,0,0
5449,5696-CEIQJ,0,0,0
711,7929-DMBCV,1,1,0
1415,5223-UZAVK,0,1,0
1402,6240-EURKS,1,1,0
559,3716-UVSPD,1,1,1
6386,6656-GULJQ,0,0,0
2304,8402-EIVQS,0,0,0
1376,3164-AALRN,1,0,0
5871,0733-VUNUW,0,0,0
6627,1074-WVEVG,0,0,0
909,0835-JKADZ,0,0,0
2911,9747-DDZOS,1,1,1
3134,7168-HDQHG,0,0,0
6906,9945-PSVIP,0,0,0
5025,7326-RIGQZ,1,1,1
3869,1357-BIJKI,1,1,1
4444,0137-UDEUO,0,1,0
7012,6691-CCIHA,0,0,0
2869,2672-HUYVI,1,1,1
3765,1814-DKOLC,0,1,0
928,0862-PRCBS,0,0,0
4913,4994-OBRSZ,0,0,0
1628,6267-DCFFZ,1,1,1
5570,5982-FPVQN,1,1,1
15,3655-SNQYZ,0,0,0
6364,9717-IOAAF,0,0,0
315,5027-YOCXN,0,1,0
2437,0567-GGCAC,1,0,0
5001,8292-TYSPY,0,0,0
1165,6479-OAUSD,0,0,0
1517,2924-KHUVI,0,1,0
3110,6569-KTMDU,0,1,0
4968,2197-OMWGI,0,0,0
1367,4238-HFHSN,1,1,1
1773,2007-QVGAW,0,0,0
1216,0040-HALCW,0,0,0
1428,7767-UXAGJ,1,1,1
1733,1015-OWJKI,0,1,0
5250,3338-CVVEH,1,1,1
5465,6933-FHBZC,0,0,0
5851,4118-CEVPF,0,1,0
3984,5884-FBCTL,0,0,0
